{
  "accuracy": 0.9130434782608695,
  "balanced_accuracy": 0.9228070175438596,
  "f1_macro": 0.9149358189749867,
  "f1_weighted": 0.9115851287236525,
  "auc_macro_ovr": 0.9716281116161039
}