{
  "accuracy": 0.779291553133515,
  "balanced_accuracy": 0.7499458874458874,
  "f1_macro": 0.7604905720638302,
  "f1_weighted": 0.7747355849860278,
  "auc_macro_ovr": 0.9496454576048216
}