{
  "accuracy": 0.9182561307901907,
  "balanced_accuracy": 0.9217049842049843,
  "f1_macro": 0.9196331446652188,
  "f1_weighted": 0.9177018597516848
}