{
  "accuracy": 0.9239130434782609,
  "balanced_accuracy": 0.9323308270676692,
  "f1_macro": 0.9282178702570378,
  "f1_weighted": 0.9231319514661273,
  "auc_macro_ovr": 0.9803953077392498
}