{
  "accuracy": 0.967391304347826,
  "f1": 0.918918918918919,
  "auc": 0.8976207642393655
}