{
  "accuracy": 0.9346049046321526,
  "balanced_accuracy": 0.9372835497835498,
  "f1_macro": 0.9366390493015453,
  "f1_weighted": 0.9337442843069099,
  "auc_macro_ovr": 0.9833470450998171
}