{
  "accuracy": 0.8913043478260869,
  "balanced_accuracy": 0.8894736842105264,
  "f1_macro": 0.8943612966094407,
  "f1_weighted": 0.8927815569730827
}